agent_id,name,license_number,phone,email
0,Agent_0,0,542-323-7532,agent_0@gmail.com
1,Agent_1,1,327-264-2573,agent_1@gmail.com
2,Agent_2,2,222-436-3948,agent_2@gmail.com
3,Agent_3,3,919-634-1924,agent_3@gmail.com
4,Agent_4,4,151-508-4427,agent_4@gmail.com
5,Agent_5,5,728-784-8421,agent_5@gmail.com
6,Agent_6,6,497-151-4113,agent_6@gmail.com
7,Agent_7,7,133-831-5040,agent_7@gmail.com
8,Agent_8,8,702-280-8942,agent_8@gmail.com
9,Agent_9,9,860-644-9231,agent_9@gmail.com
10,Agent_10,10,655-335-9347,agent_10@gmail.com
11,Agent_11,11,999-558-9784,agent_11@gmail.com
12,Agent_12,12,765-285-4318,agent_12@gmail.com
13,Agent_13,13,715-672-2005,agent_13@gmail.com
14,Agent_14,14,791-386-3709,agent_14@gmail.com
15,Agent_15,15,545-902-6109,agent_15@gmail.com
16,Agent_16,16,520-980-1967,agent_16@gmail.com
17,Agent_17,17,659-727-6770,agent_17@gmail.com
18,Agent_18,18,240-986-9571,agent_18@gmail.com
19,Agent_19,19,550-645-7307,agent_19@gmail.com
20,Agent_20,20,238-296-2195,agent_20@gmail.com
21,Agent_21,21,397-990-8671,agent_21@gmail.com
22,Agent_22,22,968-692-9073,agent_22@gmail.com
23,Agent_23,23,369-815-8517,agent_23@gmail.com
24,Agent_24,24,371-986-5581,agent_24@gmail.com
25,Agent_25,25,973-829-7905,agent_25@gmail.com
26,Agent_26,26,460-393-1653,agent_26@gmail.com
27,Agent_27,27,671-419-4763,agent_27@gmail.com
28,Agent_28,28,451-153-1039,agent_28@gmail.com
29,Agent_29,29,956-206-9911,agent_29@gmail.com
30,Agent_30,30,754-536-1040,agent_30@gmail.com
31,Agent_31,31,290-919-3571,agent_31@gmail.com
32,Agent_32,32,600-700-1359,agent_32@gmail.com
33,Agent_33,33,241-457-8302,agent_33@gmail.com
34,Agent_34,34,438-247-7041,agent_34@gmail.com
35,Agent_35,35,389-831-5803,agent_35@gmail.com
36,Agent_36,36,952-359-7086,agent_36@gmail.com
37,Agent_37,37,864-833-9092,agent_37@gmail.com
38,Agent_38,38,553-331-7499,agent_38@gmail.com
39,Agent_39,39,361-196-8534,agent_39@gmail.com
40,Agent_40,40,599-358-6229,agent_40@gmail.com
41,Agent_41,41,806-344-4251,agent_41@gmail.com
42,Agent_42,42,649-425-9414,agent_42@gmail.com
43,Agent_43,43,281-627-1632,agent_43@gmail.com
44,Agent_44,44,298-694-5060,agent_44@gmail.com
45,Agent_45,45,594-178-7087,agent_45@gmail.com
46,Agent_46,46,656-801-3879,agent_46@gmail.com
47,Agent_47,47,614-929-5334,agent_47@gmail.com
48,Agent_48,48,770-602-8196,agent_48@gmail.com
49,Agent_49,49,583-724-7465,agent_49@gmail.com
50,Agent_50,50,513-294-2710,agent_50@gmail.com
51,Agent_51,51,600-949-8464,agent_51@gmail.com
52,Agent_52,52,170-934-6661,agent_52@gmail.com
53,Agent_53,53,623-269-7681,agent_53@gmail.com
54,Agent_54,54,432-184-9972,agent_54@gmail.com
55,Agent_55,55,107-129-9522,agent_55@gmail.com
56,Agent_56,56,444-129-5863,agent_56@gmail.com
57,Agent_57,57,204-526-9286,agent_57@gmail.com
58,Agent_58,58,694-423-3612,agent_58@gmail.com
59,Agent_59,59,723-146-3901,agent_59@gmail.com
60,Agent_60,60,587-998-6310,agent_60@gmail.com
61,Agent_61,61,798-859-9583,agent_61@gmail.com
62,Agent_62,62,766-135-4184,agent_62@gmail.com
63,Agent_63,63,984-429-9720,agent_63@gmail.com
64,Agent_64,64,841-948-8865,agent_64@gmail.com
65,Agent_65,65,101-178-3145,agent_65@gmail.com
66,Agent_66,66,534-731-9657,agent_66@gmail.com
67,Agent_67,67,533-419-8477,agent_67@gmail.com
68,Agent_68,68,689-687-8810,agent_68@gmail.com
69,Agent_69,69,244-256-8856,agent_69@gmail.com
70,Agent_70,70,460-219-8578,agent_70@gmail.com
71,Agent_71,71,532-538-6250,agent_71@gmail.com
72,Agent_72,72,542-225-3995,agent_72@gmail.com
73,Agent_73,73,366-530-6482,agent_73@gmail.com
74,Agent_74,74,567-257-8461,agent_74@gmail.com
75,Agent_75,75,954-860-5341,agent_75@gmail.com
76,Agent_76,76,845-731-7529,agent_76@gmail.com
77,Agent_77,77,646-806-2217,agent_77@gmail.com
78,Agent_78,78,532-105-1923,agent_78@gmail.com
79,Agent_79,79,928-353-7103,agent_79@gmail.com
80,Agent_80,80,167-451-4460,agent_80@gmail.com
81,Agent_81,81,376-922-8149,agent_81@gmail.com
82,Agent_82,82,518-800-1977,agent_82@gmail.com
83,Agent_83,83,372-941-5982,agent_83@gmail.com
84,Agent_84,84,873-251-5458,agent_84@gmail.com
85,Agent_85,85,342-666-5579,agent_85@gmail.com
86,Agent_86,86,125-398-2499,agent_86@gmail.com
87,Agent_87,87,433-905-7699,agent_87@gmail.com
88,Agent_88,88,174-907-8177,agent_88@gmail.com
89,Agent_89,89,605-736-2541,agent_89@gmail.com
90,Agent_90,90,237-420-1214,agent_90@gmail.com
91,Agent_91,91,231-376-9665,agent_91@gmail.com
92,Agent_92,92,263-739-6246,agent_92@gmail.com
93,Agent_93,93,192-132-8830,agent_93@gmail.com
94,Agent_94,94,402-499-8154,agent_94@gmail.com
95,Agent_95,95,502-612-8746,agent_95@gmail.com
96,Agent_96,96,735-323-4043,agent_96@gmail.com
97,Agent_97,97,345-706-2930,agent_97@gmail.com
98,Agent_98,98,801-814-7195,agent_98@gmail.com
99,Agent_99,99,846-117-6122,agent_99@gmail.com
